kb, average_velocity
1.0000000e-02, 2.2299850e+00
5.0000000e-03, 2.3088442e+00
5.0000000e-04, 2.3740540e+00
5.0000000e-05, 2.3774231e+00
